post_id,influencer_id,platform,post_date,post_url,caption,reach,likes,comments
1,14,YouTube,2025-04-22,http://hartman.com/,Hold war tell prevent statement force.,563582,2160,70
2,30,Instagram,2025-05-22,https://www.powell.info/,May choice factor sound although receive meeting head little today.,129592,9107,89
3,2,Instagram,2025-02-05,https://fowler-brown.biz/,Military time back best story crime bar.,74483,8745,451
4,50,Instagram,2025-05-28,http://www.bailey.net/,Center personal majority require stuff resource town business.,323029,7032,498
5,36,YouTube,2025-04-01,https://johnston.com/,Window let sometimes place organization news south.,116043,8935,391
6,36,YouTube,2025-03-14,https://haas.biz/,Nice call question player author professional style study support image window.,387694,3395,370
7,9,Instagram,2025-04-16,https://www.white.org/,Should too cultural style yard billion or week hard think better.,86714,6637,348
8,5,Instagram,2025-05-28,http://hardy-gilbert.com/,Relate seven recently over year skin doctor increase.,175361,6218,229
9,35,YouTube,2025-04-20,http://www.mullins.com/,Shoulder guess better purpose bill music kind fund late approach condition professional direction.,140679,7497,66
10,45,Instagram,2025-05-24,https://www.gonzalez.com/,Expert structure law far know safe might yeah truth Democrat certain.,264947,3781,37
11,22,Instagram,2025-04-25,https://www.mendez-wilkinson.com/,Eye claim form role customer newspaper itself program toward everyone.,93627,444,306
12,42,Instagram,2025-06-15,http://www.smith.org/,Movement structure professional make dog exactly meet.,125646,9741,117
13,48,YouTube,2025-05-07,http://randall-nelson.com/,Culture bad line side trip Mrs child to game loss.,12540,1263,367
14,34,Instagram,2025-06-14,http://soto.com/,Common government event six left indicate sister gun green.,666759,1064,122
15,16,Instagram,2025-06-15,http://www.hall-gardner.com/,Human recently body whom kid with key early make measure through son watch.,75674,614,445
16,24,Instagram,2025-04-21,http://castillo.org/,Policy end fast simple determine tell.,351479,1260,268
17,26,YouTube,2025-03-22,https://www.rivera-mitchell.info/,Deal single together answer she may state air marriage memory garden hour performance.,254565,4662,347
18,33,YouTube,2025-05-11,http://www.walter-chandler.org/,Small lay card who response foot similar.,132248,3610,281
19,11,YouTube,2025-06-09,http://robles.com/,Of end appear national our reason ability left continue idea nice peace.,143739,9455,300
20,7,YouTube,2025-01-27,https://diaz.com/,For national though citizen let because.,500631,4081,406
21,18,Instagram,2025-03-05,http://www.turner.biz/,Situation raise then tough the religious.,500948,6769,102
22,22,Instagram,2025-03-21,https://kelly.biz/,One send culture prevent rock work ready like usually firm western Mrs.,29726,1688,342
23,23,YouTube,2025-04-04,https://rivera-bowen.org/,Yeah standard shoulder be bag three hair debate inside evening.,230994,5904,221
24,13,Instagram,2025-06-21,http://sanders.com/,Book Congress process with rich field buy hit nor.,436071,7751,447
25,39,YouTube,2025-06-04,http://pham.com/,War more bad season nature help medical special actually open see.,769491,987,349
26,21,Instagram,2025-05-09,https://ray.net/,Establish employee you answer impact guess film series anyone use half.,690197,1712,36
27,39,YouTube,2025-05-01,http://baldwin.net/,Man trouble whole TV purpose eye use.,427179,5659,414
28,20,Instagram,2025-06-21,https://www.george-parker.org/,Later animal two generation group his for yes walk teach newspaper thing.,62288,4173,103
29,13,Instagram,2025-04-02,http://munoz.org/,Medical amount say sit court debate window short.,204448,8886,234
30,28,Instagram,2025-07-17,http://www.ford.com/,Arm event husband certainly whatever my policy another station without hospital toward.,78495,7012,98
31,19,YouTube,2025-07-13,https://www.jackson.net/,Feel another second throw trip general sea suggest start face.,151037,7679,132
32,28,Instagram,2025-06-11,https://www.barnes.net/,State doctor other moment because could lead then series enough.,44523,7360,418
33,21,Instagram,2025-02-02,http://www.mcdowell.com/,Mr specific wide amount measure seat.,582057,1704,30
34,37,YouTube,2025-06-14,http://rodriguez.net/,Hospital before above already bill keep analysis bring begin president knowledge race charge.,20474,1628,479
35,47,Instagram,2025-03-12,https://www.bell-stephens.com/,Fund life international chair either according move area successful break.,400085,3972,90
36,49,Instagram,2025-06-29,https://www.nelson.info/,Big discover most that nation scientist group scientist.,111539,8056,251
37,30,Instagram,2025-01-24,http://www.becker.com/,Cause customer plan series pull chair.,61032,6670,467
38,41,Instagram,2025-03-09,https://hutchinson.com/,Set generation political happy yeah eight.,35741,2797,199
39,1,YouTube,2025-02-05,https://wells.com/,Know remember type which audience civil box building husband.,5070,6496,140
40,11,YouTube,2025-03-28,http://www.phillips.net/,Total into general certain create window black at set every budget sure voice.,827157,7554,151
41,44,Instagram,2025-06-22,https://www.williams-west.com/,After book carry example fish recognize thus surface base economic.,448555,9205,343
42,25,Instagram,2025-04-21,http://bridges.com/,Condition month one it perform raise end system act child information fly model.,758305,8073,84
43,11,YouTube,2025-03-29,https://scott-anderson.com/,Send lead nice education often none person grow.,204122,4961,116
44,33,YouTube,2025-03-24,https://aguilar.com/,Bad point on including consumer opportunity.,20331,9589,381
45,45,Instagram,2025-02-11,http://www.harvey-garcia.org/,Officer practice population together Mrs clear.,573532,1098,387
46,27,Instagram,2025-05-26,https://johnson.com/,Democratic note half east which sit kind among shoulder teacher under enjoy.,46104,1036,30
47,45,Instagram,2025-03-04,http://fischer.com/,Occur leader charge office walk seek.,617554,7911,262
48,11,YouTube,2025-02-09,http://www.hunter.com/,Here not individual before despite until.,561926,2679,34
49,13,Instagram,2025-04-23,https://www.rogers-hogan.info/,Factor do realize doctor own respond worker seat whatever.,537496,1412,440
50,7,YouTube,2025-06-15,https://www.cook.com/,Book yard garden tonight her since piece no often.,199851,1222,309
51,26,YouTube,2025-05-17,https://calderon-ramirez.info/,Court parent company face treat modern rise need meet course wear.,76262,3953,211
52,22,Instagram,2025-06-10,http://brown.com/,Most oil director particularly season student building dinner front.,36427,9433,131
53,47,Instagram,2025-01-26,http://schwartz-bell.com/,Thus paper sing item individual campaign make interest magazine run involve.,308520,9840,25
54,1,YouTube,2025-03-13,https://williamson-daugherty.com/,Box cost ok call capital control.,25295,1443,219
55,9,Instagram,2025-02-16,http://hughes.biz/,Send issue effort which himself already.,158006,9360,272
56,28,Instagram,2025-05-16,http://www.nguyen.com/,Bad lay investment live before own sound quality you.,170868,4372,109
57,11,YouTube,2025-04-13,https://www.scott-meyer.com/,Main now large them such her may.,707258,5247,127
58,34,Instagram,2025-07-08,https://scott-schneider.info/,Those too war necessary protect four but year customer whatever memory.,283517,6584,72
59,27,Instagram,2025-05-18,https://www.roy-turner.com/,Rate myself organization since sea instead sure poor ability teach blood.,44321,7591,166
60,44,Instagram,2025-06-27,https://www.sullivan.com/,Certainly off hope not second such social blood involve.,81066,252,239
61,6,YouTube,2025-07-12,https://small.org/,If job establish dinner fly wall attorney someone sense manage attorney until.,656332,9324,56
62,27,Instagram,2025-01-25,https://cook-schneider.org/,Need prevent hot state various leader present painting glass risk material.,14602,8908,114
63,36,YouTube,2025-07-15,https://anderson.info/,Blood trip small personal conference water feel material modern purpose.,270229,4445,72
64,48,YouTube,2025-01-27,http://www.warner.com/,Become effort voice three manage family range degree reason.,370962,1227,455
65,28,Instagram,2025-06-05,https://mcgee-guzman.com/,Occur reduce growth let consider laugh care product authority sure relate.,133075,6154,150
66,10,YouTube,2025-03-21,http://www.howell.com/,Nearly moment particularly south financial reduce federal career too some everything receive.,25676,7279,431
67,42,Instagram,2025-04-09,http://powers.com/,Citizen movie peace long national speak daughter issue bed she where.,163606,8766,9
68,2,Instagram,2025-05-10,http://www.fernandez-edwards.com/,Share government somebody argue whom Mr while even.,150385,5005,482
69,40,YouTube,2025-03-06,https://www.lewis.biz/,Environmental senior fast with certainly national write reach particular.,91951,1797,485
70,13,Instagram,2025-04-16,https://bennett-taylor.info/,Sure kind citizen civil wonder simple safe remember.,145814,4433,64
71,44,Instagram,2025-02-16,https://norton.net/,Hotel customer unit such poor field believe number.,117235,9164,84
72,12,Instagram,2025-03-17,https://harper-pratt.info/,Mother certainly answer instead factor prove next possible sport pay house character.,290577,4716,314
73,22,Instagram,2025-06-17,http://www.jenkins-weber.info/,Far player live old and this foreign reduce nation mouth structure.,60215,5717,109
74,14,YouTube,2025-05-23,https://www.brown.com/,Care where about ever air political.,281807,8380,255
75,18,Instagram,2025-05-24,http://moody.org/,Leader another southern deep company themselves.,268319,932,52
76,5,Instagram,2025-06-14,https://www.brooks-mcclure.com/,Somebody whom reason soon my cost of.,171273,7039,429
77,31,YouTube,2025-02-20,http://www.rodgers-jones.com/,Person guy physical throughout international others treatment front blood bring.,295120,822,6
78,15,YouTube,2025-02-09,https://odonnell.biz/,Contain understand economic increase detail again music before two.,354759,2243,331
79,18,Instagram,2025-06-28,http://www.morris.com/,That natural mouth news anything which give.,279680,2747,384
80,21,Instagram,2025-03-30,http://cummings.com/,Own bill debate international medical wall bed experience a finish shake even usually job.,468298,9138,366
81,9,Instagram,2025-06-10,https://harris-lee.biz/,Total hand manage own bank article between party leader figure area billion baby.,117115,9289,9
82,9,Instagram,2025-04-20,https://www.fowler-miles.com/,Central prove time window risk evening us much no.,34327,1332,488
83,39,YouTube,2025-06-25,https://wilson.com/,Win across share Democrat fly test can.,729586,2542,284
84,38,Instagram,2025-05-11,http://gibson-jenkins.com/,Interview south model current recently space more idea voice artist.,42778,6149,303
85,14,YouTube,2025-05-08,https://beltran.com/,Either story send wrong address knowledge agent view color huge after.,584364,2526,225
86,18,Instagram,2025-03-21,https://decker-soto.com/,As indicate return director hit fact interest.,138636,785,162
87,36,YouTube,2025-06-01,https://www.roberts-carney.info/,Arrive store training situation skin total within.,196182,753,465
88,24,Instagram,2025-05-19,https://www.ewing.com/,Push smile send war audience Republican program skin parent among because away performance.,380190,3541,354
89,49,Instagram,2025-03-09,http://www.smith.com/,Newspaper on individual agent lot mention too glass themselves same process high purpose.,70412,1784,186
90,46,Instagram,2025-01-25,http://www.miller-anderson.info/,No score budget sell eat pressure well return.,823011,9273,457
91,39,YouTube,2025-02-11,http://www.barton.com/,House school bed case know amount player answer.,431117,2632,478
92,49,Instagram,2025-01-23,http://smith-jackson.com/,Eat bit number option east care write.,248762,3978,447
93,48,YouTube,2025-02-24,http://johnson.com/,Mission factor there mouth huge everybody capital body collection upon success appear.,175395,3000,456
94,19,YouTube,2025-03-18,https://www.hawkins-watson.com/,Tend social maintain involve environment especially mention certain writer instead capital range reveal.,221161,506,96
95,30,Instagram,2025-04-10,http://stone.org/,Fill you summer necessary term away point material president break.,92080,6845,415
96,48,YouTube,2025-06-14,https://www.nichols-nichols.com/,Require security bed behind discussion join boy here.,707448,4165,141
97,38,Instagram,2025-04-14,https://orozco.com/,Personal organization grow risk film suddenly home guy perhaps security control serious last.,171931,1871,200
98,9,Instagram,2025-07-08,http://gentry.net/,Hand writer officer campaign loss art determine throughout effect particularly since.,15151,7811,118
99,17,YouTube,2025-06-02,http://duran.com/,Mr particular industry according size gun avoid establish now.,57316,7641,184
100,23,YouTube,2025-02-14,https://coleman.com/,Watch check story her miss save address box teach.,165007,3828,119
101,13,Instagram,2025-07-06,http://www.allen.net/,Above decade over office feeling about fast threat.,29813,3264,209
102,6,YouTube,2025-03-24,http://www.gonzalez.com/,Lawyer step place line film black company whose.,349207,4664,447
103,16,Instagram,2025-05-11,https://wilson.com/,Peace military subject television until sea gun media strategy sometimes front bit bit.,77792,4673,184
104,32,YouTube,2025-07-03,http://www.foster-anderson.net/,Appear toward hope majority give teach network know kind commercial whom find.,341321,8446,209
105,11,YouTube,2025-07-19,http://kelly-hardin.com/,Behind money have administration water receive edge commercial.,717526,8885,174
106,49,Instagram,2025-05-09,https://www.brown-neal.com/,Research catch hope whatever probably start doctor life politics play a star.,251215,552,64
107,10,YouTube,2025-05-19,https://thompson-williams.biz/,Mr there over new record article within expect always.,39237,3025,302
108,39,YouTube,2025-06-25,https://www.williams.com/,Sell but note Democrat name future where gas growth method energy economy need.,283361,726,60
109,30,Instagram,2025-02-03,http://www.miller.info/,Man agreement black energy attack rule describe hair draw minute would husband bank.,118918,5763,378
110,14,YouTube,2025-06-24,http://www.daniel.com/,Individual style two purpose American possible process attack move.,333914,7249,315
111,43,YouTube,2025-01-22,https://www.williams.com/,Shake fund support film pull save majority fight.,541265,1994,202
112,22,Instagram,2025-04-02,https://www.stevens.info/,Several material reach which every team son knowledge guess poor foot provide.,156149,3214,135
113,24,Instagram,2025-05-14,http://moore.org/,Home themselves building line weight matter star certain high entire hospital.,51542,7244,5
114,27,Instagram,2025-07-12,https://www.kent-cox.com/,Exactly thank out year bag ever.,73146,8921,356
115,38,Instagram,2025-02-11,http://www.weaver-mitchell.com/,Herself class clear although where baby campaign toward education amount.,708204,3328,191
116,33,YouTube,2025-04-13,https://www.murphy.com/,Great participant rich wait particular federal second manage deep news couple red however.,118062,1246,490
117,6,YouTube,2025-01-21,https://www.norris.com/,Region could pull or author action.,701503,5509,324
118,37,YouTube,2025-01-30,https://www.thomas-arias.com/,Late common ask involve team like organization character speech chair.,334164,2141,373
119,33,YouTube,2025-03-15,https://shea-george.biz/,Enter fund activity computer police relate dream thank.,83727,8408,163
120,24,Instagram,2025-04-06,http://www.day-caldwell.com/,Image top speak gas sit themselves others still organization note ground name others.,433231,5444,211
121,18,Instagram,2025-05-29,https://www.duncan.com/,Minute management whose thought economic hit relate figure still.,736076,4944,288
122,30,Instagram,2025-04-07,http://richards.net/,Arm he drug station change get my opportunity sense to maintain national.,38367,3243,220
123,42,Instagram,2025-01-30,http://www.perry-rios.net/,Very point process someone nature herself usually treatment nice.,203781,2951,320
124,16,Instagram,2025-04-12,https://rosales.com/,Several up glass however radio human any individual blood east.,601750,5030,212
125,3,Instagram,2025-05-28,http://www.sullivan.com/,Between realize enter body discussion different clearly television or event operation.,579553,106,160
126,1,YouTube,2025-06-12,http://www.ritter.com/,Oil low staff create wish hold for.,14401,3543,225
127,22,Instagram,2025-06-20,http://www.preston.com/,Best out read among culture hold machine.,157039,5379,243
128,29,YouTube,2025-05-29,http://young.com/,Data stand after meet occur alone.,236623,7344,350
129,10,YouTube,2025-04-29,http://www.collins.com/,Yeah nearly kind six almost foreign financial difference safe media.,33010,8475,247
130,3,Instagram,2025-02-04,http://www.wright.com/,Card themselves thousand how miss decide professional skin.,837291,2880,342
131,15,YouTube,2025-04-25,https://www.glenn-brown.org/,Mother item operation door owner indicate certainly practice.,93914,4749,268
132,7,YouTube,2025-03-14,https://clark.com/,Wonder power statement trip sure window move Republican base take stop range according.,356470,1630,424
133,16,Instagram,2025-02-05,http://cooper.com/,Support hour write country American number he court off east away born argue.,251277,5185,120
134,45,Instagram,2025-06-28,https://hernandez.info/,Response road never society administration might charge.,213802,2514,17
135,25,Instagram,2025-03-29,http://medina.biz/,Election region suggest his skin cost ball.,53458,4111,248
136,37,YouTube,2025-04-14,http://www.lucas-johnston.biz/,Me either gun necessary affect treat talk.,81365,7561,217
137,24,Instagram,2025-04-30,http://lewis-white.com/,Clear blood opportunity mother within eat particularly report create worker begin usually.,208880,6391,258
138,28,Instagram,2025-04-30,http://hall.com/,Ball smile consumer ability ago account organization.,214533,4097,80
139,27,Instagram,2025-07-04,http://clark.com/,Almost military college pick its center term present.,5726,1846,403
140,30,Instagram,2025-07-18,http://www.kane.org/,May again look feel if mind happy.,116449,3685,95
141,24,Instagram,2025-04-14,https://thomas.com/,Remain Republican sport series back another government much arm.,548118,7711,30
142,49,Instagram,2025-03-29,https://wang.net/,Interest middle letter too writer discuss never author meeting.,151120,4182,474
143,33,YouTube,2025-06-13,https://allen.com/,Little fund response film anything cup someone democratic he half computer project.,36813,7578,73
144,44,Instagram,2025-07-06,https://chavez.biz/,From degree detail above majority top expect or.,492213,8802,291
145,9,Instagram,2025-06-26,https://wilson.com/,Trouble sport whom on cultural your music force again affect.,161094,5298,491
146,39,YouTube,2025-02-05,https://hancock.info/,Need lawyer firm though drive near same where.,796937,7351,318
147,35,YouTube,2025-03-29,http://www.herrera-bryant.biz/,Local issue perform home because miss free can tell single next clear.,137324,7091,430
148,16,Instagram,2025-02-22,https://murphy-flores.com/,Receive common no participant crime ball difficult member policy contain.,579485,7405,464
149,14,YouTube,2025-02-02,http://smith.biz/,Easy visit team suddenly them perhaps animal word skin tax another.,171889,7877,235
150,29,YouTube,2025-03-26,https://campos.net/,Time where long sea sister perhaps challenge live include black oil today four.,140891,4150,435
151,21,Instagram,2025-05-15,http://www.warren.biz/,Fund as best over simply I become guy authority.,673636,4643,397
152,44,Instagram,2025-05-02,http://murray.biz/,Another but view real low hotel term himself.,551622,8039,325
153,6,YouTube,2025-06-22,https://patel.com/,Read still color music surface old cut high strong thousand debate war our.,255867,4599,230
154,26,YouTube,2025-03-23,http://harrison.info/,Goal manage health hot per walk easy speak skill fund common almost about.,86247,4781,125
155,14,YouTube,2025-06-28,http://www.walsh-mclaughlin.com/,Mouth way receive through represent season skin lawyer choice defense.,289913,5602,168
156,8,YouTube,2025-01-21,https://jones.com/,Eat early situation image fear large because decade our sign drug stuff.,571390,1420,75
157,3,Instagram,2025-04-28,https://sims.net/,Race performance necessary number since bag threat resource outside agency.,163157,3888,201
158,23,YouTube,2025-01-26,https://zimmerman-baldwin.com/,Figure list election safe everyone within where serious off student side.,368829,2603,366
159,42,Instagram,2025-05-24,https://www.crawford-jones.com/,Strategy poor specific right example chance form church bad purpose military interview several.,117172,1152,217
160,21,Instagram,2025-02-11,https://www.mclean-walsh.com/,Budget strong fact letter seem care play especially beat seat.,432398,5521,282
161,46,Instagram,2025-03-22,http://sullivan.biz/,Return unit election serious cut order black line several build expert.,493557,6912,36
162,29,YouTube,2025-03-31,http://www.long.info/,Life southern reveal enter dinner wonder east where with pretty former space father.,113440,6983,204
163,33,YouTube,2025-01-31,https://www.bruce.com/,Lawyer within bar general dinner lose.,10120,9532,199
164,3,Instagram,2025-03-22,http://cooper-robinson.com/,Realize American project must eat for test.,505149,196,487
165,5,Instagram,2025-03-30,http://martin.com/,Investment provide still level simply accept man almost not off parent hour I.,97211,4992,390
166,30,Instagram,2025-04-05,https://moore.com/,Performance clearly its hundred rate what our.,107232,6965,280
167,38,Instagram,2025-05-23,http://www.howard.com/,Foreign international remember hand by near human capital.,577661,9983,464
168,22,Instagram,2025-06-13,http://www.lamb.com/,Mission game message issue near add wonder any near training hotel rise.,62812,8099,117
169,18,Instagram,2025-05-24,https://reed-johnson.com/,Age billion that friend couple eye speech would top each relate.,291193,7240,253
170,44,Instagram,2025-03-22,https://norton.info/,Man onto four four buy much discussion.,35434,6471,177
171,35,YouTube,2025-03-18,https://floyd-williams.com/,Fact truth now prove so enter.,110989,2804,435
172,45,Instagram,2025-06-01,http://payne-decker.org/,Way write rather cold nation artist alone education upon third mouth up.,495094,2191,323
173,27,Instagram,2025-04-29,https://reid.com/,Clearly time price someone industry product.,75008,541,469
174,10,YouTube,2025-05-23,https://www.hernandez-henderson.com/,Hour able road traditional same more child west bring Congress fire measure eight.,56645,9797,293
175,6,YouTube,2025-03-18,http://baker-white.com/,Home type better save either down media feel.,700205,544,47
176,12,Instagram,2025-01-22,http://hicks.org/,Possible clear society win grow trip something pick.,678971,7122,74
177,23,YouTube,2025-02-17,https://www.smith.com/,Type sort talk too instead establish view between hard contain drive.,247062,3077,30
178,16,Instagram,2025-07-20,http://www.simmons.com/,Relate already serious conference whole measure loss detail land.,277793,6311,172
179,20,Instagram,2025-05-24,http://www.erickson.com/,Sort sort example edge operation likely local tree easy activity check.,115970,7549,172
180,9,Instagram,2025-03-26,https://www.barker.com/,Seat one result play financial family tend part population box more grow.,93473,6311,147
181,30,Instagram,2025-03-13,http://www.crawford.com/,Purpose necessary mention forward until marriage arrive sit budget brother build interview strong.,115510,4233,432
182,29,YouTube,2025-07-12,http://murphy.net/,Everyone debate but lawyer several such matter clear hot few.,47942,7805,14
183,12,Instagram,2025-03-30,http://lamb.com/,Entire ever concern live everyone care four rich kitchen type animal.,790408,8937,31
184,2,Instagram,2025-04-25,https://johnson-avila.com/,Seven it chair attack team enter represent put.,96740,3773,337
185,30,Instagram,2025-06-27,https://www.olson.info/,Attack sign man participant support sign development room difference start feeling.,22987,759,391
186,29,YouTube,2025-07-19,http://www.short-baker.com/,Dinner through teacher instead cut increase recently form especially.,21268,4151,107
187,13,Instagram,2025-05-31,https://parsons.com/,Response than song various support crime.,26369,2596,127
188,16,Instagram,2025-01-30,http://www.daniel-pena.net/,Exist half guy enough tonight fall.,137352,7858,347
189,44,Instagram,2025-01-28,https://www.henry-stewart.com/,Head part production reality either firm.,124946,9340,490
190,20,Instagram,2025-04-02,https://mckee.com/,Capital security sure clearly continue break produce mouth wrong manager think our word.,119276,7719,363
191,7,YouTube,2025-03-19,https://hernandez.org/,Lose until democratic clear yet within.,273690,6143,90
192,19,YouTube,2025-02-01,https://www.turner-morales.com/,Deep if simple worry second sell worker hospital eight expect.,322662,1976,403
193,27,Instagram,2025-07-02,https://www.hayes.com/,Pretty above follow break bank suddenly heart thing wait industry bring.,26465,5196,60
194,10,YouTube,2025-01-29,http://www.davis-conner.com/,Teach inside fly character author science move.,80849,520,480
195,16,Instagram,2025-04-10,https://chaney.com/,Drive economic only generation describe control for federal truth education they.,332110,9533,351
196,11,YouTube,2025-02-24,http://jones-miller.com/,Toward expect easy energy money source.,398537,6598,487
197,25,Instagram,2025-04-03,http://www.bennett.org/,Section then remember like three least for guy least.,754747,3349,43
198,25,Instagram,2025-05-10,https://www.stephens.com/,Perhaps resource course many movement listen similar American.,625859,4078,57
199,25,Instagram,2025-05-14,http://davis.info/,Option network teach least project subject phone author perhaps a before go grow.,736059,5041,440
200,44,Instagram,2025-02-11,http://richardson.org/,Enter account hotel employee time offer apply soon land stop purpose ability.,634577,2083,412
